preset,prompt_id,cfg,n,n_valid,recall_mean,recall_std,worst_anatomy_mean,worst_anatomy_std,sec_mean_characterization_only,sec_std_characterization_only
illustrious-xl,p1,0.0,4,4,0.85,0.05,0.0,0.0,41.0,0.49
illustrious-xl,p1,5.0,4,4,0.85,0.05,0.0,0.0,40.7,0.26
illustrious-xl,p1,10.0,4,4,0.8,0.0707,0.0001,0.0001,40.62,0.28
illustrious-xl,p2,0.0,4,4,0.9167,0.0481,0.0021,0.0012,40.83,0.24
illustrious-xl,p2,5.0,4,4,0.9167,0.0481,0.0014,0.0009,40.84,0.1
illustrious-xl,p2,10.0,4,4,0.9167,0.0481,0.0041,0.0031,40.55,0.47
illustrious-xl,p3,0.0,4,4,0.85,0.05,0.0001,0.0,40.65,0.27
illustrious-xl,p3,5.0,4,4,0.85,0.05,0.0001,0.0001,40.73,0.41
illustrious-xl,p3,10.0,4,4,0.85,0.05,0.0001,0.0001,40.72,0.33
